Symbol,Security,yahoo_symbol
A,Agilent Technologies,A
AAPL,Apple Inc.,AAPL
ABBV,AbbVie,ABBV
ABT,Abbott Laboratories,ABT
ACN,Accenture,ACN
ADBE,Adobe Inc.,ADBE
ADI,Analog Devices,ADI
ADM,Archer Daniels Midland,ADM
ADP,Automatic Data Processing,ADP
ADSK,Autodesk,ADSK
AEE,Ameren,AEE
AEP,American Electric Power,AEP
AES,AES Corporation,AES
AFL,Aflac,AFL
AIG,American International Group,AIG
AIZ,Assurant,AIZ
AJG,Arthur J. Gallagher & Co.,AJG
AKAM,Akamai Technologies,AKAM
ALB,Albemarle Corporation,ALB
ALGN,Align Technology,ALGN
ALL,Allstate,ALL
ALLE,Allegion,ALLE
AMAT,Applied Materials,AMAT
AMD,Advanced Micro Devices,AMD
AME,Ametek,AME
AMGN,Amgen,AMGN
AMP,Ameriprise Financial,AMP
AMT,American Tower,AMT
AMZN,Amazon,AMZN
AON,Aon plc,AON
AOS,A. O. Smith,AOS
APA,APA Corporation,APA
APD,Air Products,APD
APH,Amphenol,APH
APTV,Aptiv,APTV
ARE,Alexandria Real Estate Equities,ARE
AVGO,Broadcom,AVGO
AVY,Avery Dennison,AVY
AWK,American Water Works,AWK
AXP,American Express,AXP
AZO,AutoZone,AZO
BA,Boeing,BA
BAC,Bank of America,BAC
BAX,Baxter International,BAX
BBY,Best Buy,BBY
BDX,Becton Dickinson,BDX
BEN,Franklin Resources,BEN
BF.B,Brown–Forman,BF.B
BIIB,Biogen,BIIB
BLK,BlackRock,BLK
BMY,Bristol Myers Squibb,BMY
BRK.B,Berkshire Hathaway,BRK.B
BSX,Boston Scientific,BSX
BXP,"BXP, Inc.",BXP
C,Citigroup,C
CAH,Cardinal Health,CAH
CAT,Caterpillar Inc.,CAT
CB,Chubb Limited,CB
CBOE,Cboe Global Markets,CBOE
CCI,Crown Castle,CCI
CCL,Carnival Corporation,CCL
CDNS,Cadence Design Systems,CDNS
CF,CF Industries,CF
CFG,Citizens Financial Group,CFG
CHD,Church & Dwight,CHD
CHRW,C.H. Robinson,CHRW
CHTR,Charter Communications,CHTR
CI,Cigna,CI
CINF,Cincinnati Financial,CINF
CL,Colgate-Palmolive,CL
CLX,Clorox,CLX
CMCSA,Comcast,CMCSA
CME,CME Group,CME
CMG,Chipotle Mexican Grill,CMG
CMI,Cummins,CMI
CMS,CMS Energy,CMS
CNC,Centene Corporation,CNC
CNP,CenterPoint Energy,CNP
COF,Capital One,COF
COO,Cooper Companies (The),COO
COP,ConocoPhillips,COP
COST,Costco,COST
CRM,Salesforce,CRM
CSCO,Cisco,CSCO
CSX,CSX Corporation,CSX
CTAS,Cintas,CTAS
CTSH,Cognizant,CTSH
CVS,CVS Health,CVS
CVX,Chevron Corporation,CVX
D,Dominion Energy,D
DAL,Delta Air Lines,DAL
DE,Deere & Company,DE
DG,Dollar General,DG
DGX,Quest Diagnostics,DGX
DHI,D. R. Horton,DHI
DHR,Danaher Corporation,DHR
DIS,Walt Disney Company (The),DIS
DLR,Digital Realty,DLR
DLTR,Dollar Tree,DLTR
DOV,Dover Corporation,DOV
